,Logistic (L2 / ridge),Logistic (L1 / lasso),Random forest importance
elo_diff,0.4012822385148031,0.5727207979682233,0.29405122540488676
diff_shots_target,0.020294181372728797,0.0,0.11098231749010691
diff_shots,0.04140323428275244,0.0,0.09273078627947497
diff_corners,0.04529810990309184,0.021514187596283586,0.05713549987657223
diff_scored,0.032633343256257885,0.0,0.05611980539306907
diff_points,0.021506832513023405,0.0,0.05271268702527145
away_shots,0.0066153191600720335,0.0,0.0437949381894896
away_shots_target,-0.03592627573057884,-0.03183330182065746,0.04324256015402386
home_shots,0.06387139738968975,0.05122265177586923,0.03890787083950167
home_corners,0.051042922176537255,0.06554118414843403,0.035780942848956214
away_corners,-0.011454671450719043,0.0,0.025996638129457773
home_shots_target,-0.008147187711220015,0.0,0.02448778322331474
away_points,-0.009737937004370242,0.0,0.022822033384484578
diff_conceded,-0.010498155619763727,0.0,0.021386443780007296
away_scored,-0.04237401859529438,-0.03168303388735105,0.019963965265912566
away_conceded,0.036506562804440486,0.0,0.019727899997336453
home_points,0.020482535716372603,0.0,0.014291214031635985
home_scored,0.002665297518513649,0.0,0.013501604299913096
home_conceded,0.02217598206430834,0.0,0.012363784386584852
